id,nombre,correo
4,Andrea Solis,andrea@gmail.com
6,Diana Herran,diana@gmail.com
2,Domi Vega,domi@gmail.com
3,Jhon Solis,jhon@gmail.com
1,Kathy Vega,kathy@gmail.com
5,Mariana Solis,mariana@gmail.com
